Year,Sex,Age group (years),Count,"Age-specific rate(per 100,000)"
1982,Females,15–24,4,0.36
1982,Females,25–34,20,1.65
1982,Females,35–44,22,2.32
1982,Females,45–54,33,4.47
1982,Females,55–64,31,4.42
1982,Females,65–74,58,11.07
1982,Females,75–84,31,11.67
1982,Females,85–94,17,21.87
1982,Males,15–24,10,0.77
1982,Males,25–34,24,1.94
1982,Males,35–44,48,4.87
1982,Males,45–54,69,8.86
1982,Males,55–64,78,11.47
1982,Males,65–74,108,24.79
1982,Males,75–84,35,21.16
1982,Males,85–94,7,24.56
1982,Persons,15–24,14,0.51
1982,Persons,25–34,44,1.74
1982,Persons,35–44,70,3.65
1982,Persons,45–54,102,6.71
1982,Persons,55–64,109,7.87
1982,Persons,65–74,166,17.29
1982,Persons,75–84,66,15.26
1982,Persons,85–94,24,22.56
1983,Females,15–24,5,0.39
1983,Females,25–34,17,1.35
1983,Females,35–44,27,2.69
1983,Females,45–54,42,5.7
1983,Females,55–64,54,7.56
1983,Females,65–74,55,10.28
1983,Females,75–84,40,14.44
1983,Females,85–94,21,26.13
1983,Males,15–24,8,0.67
1983,Males,25–34,28,2.23
1983,Males,35–44,46,4.46
1983,Males,45–54,51,6.58
1983,Males,55–64,94,13.44
1983,Males,65–74,85,19.21
1983,Males,75–84,42,24.27
1983,Males,85–94,8,27.57
1983,Persons,15–24,13,0.44
1983,Persons,25–34,45,1.81
1983,Persons,35–44,73,3.56
1983,Persons,45–54,93,6.14
1983,Persons,55–64,148,10.49
1983,Persons,65–74,140,14.35
1983,Persons,75–84,82,18.19
1983,Persons,85–94,29,26.49
1984,Females,15–24,4,0.3
1984,Females,25–34,17,1.33
1984,Females,35–44,30,2.88
1984,Females,45–54,32,4.27
1984,Females,55–64,44,6
1984,Females,65–74,58,10.72
1984,Females,75–84,42,14.53
1984,Females,85–94,16,19.24
1984,Males,15–24,8,0.6
1984,Males,25–34,32,2.49
1984,Males,35–44,42,3.9
1984,Males,45–54,66,8.44
1984,Males,55–64,108,15.04
1984,Males,65–74,88,19.66
1984,Males,75–84,43,23.7
1984,Males,85–94,10,33.14
1984,Persons,15–24,12,0.45
1984,Persons,25–34,49,1.95
1984,Persons,35–44,72,3.44
1984,Persons,45–54,98,6.38
1984,Persons,55–64,152,10.47
1984,Persons,65–74,146,14.77
1984,Persons,75–84,85,18.05
1984,Persons,85–94,26,22.88
1985,Females,15–24,3,0.26
1985,Females,25–34,22,1.69
1985,Females,35–44,26,2.41
1985,Females,45–54,46,6.11
1985,Females,55–64,56,7.56
1985,Females,65–74,46,8.34
1985,Females,75–84,43,14.39
1985,Females,85–94,27,30.38
1985,Males,15–24,11,0.8
1985,Males,25–34,28,2.15
1985,Males,35–44,48,4.26
1985,Males,45–54,61,7.71
1985,Males,55–64,94,12.86
1985,Males,65–74,98,21.35
1985,Males,75–84,49,25.85
1985,Males,85–94,13,40.07
1985,Persons,15–24,14,0.5
1985,Persons,25–34,50,1.95
1985,Persons,35–44,74,3.36
1985,Persons,45–54,107,6.87
1985,Persons,55–64,150,10.22
1985,Persons,65–74,144,14.24
1985,Persons,75–84,92,18.8
1985,Persons,85–94,40,33.04
1986,Females,15–24,2,0.2
1986,Females,25–34,16,1.18
1986,Females,35–44,34,3.05
1986,Females,45–54,34,4.45
1986,Females,55–64,51,6.95
1986,Females,65–74,66,11.63
1986,Females,75–84,48,15.44
1986,Females,85–94,18,19.03
1986,Males,15–24,9,0.64
1986,Males,25–34,35,2.64
1986,Males,35–44,44,3.77
1986,Males,45–54,53,6.51
1986,Males,55–64,81,10.96
1986,Males,65–74,110,23.17
1986,Males,75–84,69,34.7
1986,Males,85–94,17,48.95
1986,Persons,15–24,11,0.4
1986,Persons,25–34,51,1.91
1986,Persons,35–44,78,3.38
1986,Persons,45–54,87,5.52
1986,Persons,55–64,132,8.92
1986,Persons,65–74,176,16.87
1986,Persons,75–84,117,22.94
1986,Persons,85–94,35,27.05
1987,Females,15–24,4,0.25
1987,Females,25–34,17,1.3
1987,Females,35–44,38,3.23
1987,Females,45–54,44,5.57
1987,Females,55–64,41,5.55
1987,Females,65–74,56,9.64
1987,Females,75–84,54,16.75
1987,Females,85–94,26,26.72
1987,Males,15–24,8,0.6
1987,Males,25–34,43,3.22
1987,Males,35–44,54,4.51
1987,Males,45–54,59,7.09
1987,Males,55–64,117,15.89
1987,Males,65–74,125,25.41
1987,Males,75–84,89,42.81
1987,Males,85–94,22,60.7
1987,Persons,15–24,12,0.43
1987,Persons,25–34,60,2.22
1987,Persons,35–44,92,3.91
1987,Persons,45–54,103,6.36
1987,Persons,55–64,158,10.73
1987,Persons,65–74,181,16.85
1987,Persons,75–84,143,26.96
1987,Persons,85–94,48,35.95
1988,Females,15–24,4,0.6
1988,Females,25–34,18,1.34
1988,Females,35–44,37,3.07
1988,Females,45–54,29,3.57
1988,Females,55–64,47,6.41
1988,Females,65–74,70,11.73
1988,Females,75–84,64,19.12
1988,Females,85–94,23,23.04
1988,Males,15–24,5,0.35
1988,Males,25–34,28,2.03
1988,Males,35–44,57,4.62
1988,Males,45–54,69,8.06
1988,Males,55–64,114,15.49
1988,Males,65–74,124,24.52
1988,Males,75–84,61,28.1
1988,Males,85–94,21,55.45
1988,Persons,15–24,9,0.26
1988,Persons,25–34,46,1.68
1988,Persons,35–44,94,3.84
1988,Persons,45–54,98,5.89
1988,Persons,55–64,161,11
1988,Persons,65–74,194,17.6
1988,Persons,75–84,125,22.68
1988,Persons,85–94,44,31.99
1989,Females,15–24,4,0.3
1989,Females,25–34,11,0.78
1989,Females,35–44,34,2.77
1989,Females,45–54,42,4.98
1989,Females,55–64,49,6.71
1989,Females,65–74,51,8.39
1989,Females,75–84,68,19.52
1989,Females,85–94,22,21.34
1989,Males,15–24,5,0.35
1989,Males,25–34,22,1.59
1989,Males,35–44,44,3.5
1989,Males,45–54,72,8.08
1989,Males,55–64,114,15.49
1989,Males,65–74,137,26.37
1989,Males,75–84,91,40.09
1989,Males,85–94,16,39.99
1989,Persons,15–24,9,0.35
1989,Persons,25–34,33,1.19
1989,Persons,35–44,78,3.08
1989,Persons,45–54,114,6.6
1989,Persons,55–64,163,11.1
1989,Persons,65–74,188,16.7
1989,Persons,75–84,159,27.62
1989,Persons,85–94,38,26.52
1990,Females,15–24,3,0.4
1990,Females,25–34,19,1.35
1990,Females,35–44,45,3.48
1990,Females,45–54,33,3.71
1990,Females,55–64,51,6.98
1990,Females,65–74,70,11.27
1990,Females,75–84,64,17.75
1990,Females,85–94,31,29.34
1990,Males,15–24,4,0.23
1990,Males,25–34,24,1.71
1990,Males,35–44,49,3.79
1990,Males,45–54,87,9.4
1990,Males,55–64,109,14.85
1990,Males,65–74,130,24.43
1990,Males,75–84,89,37.81
1990,Males,85–94,19,45.68
1990,Persons,15–24,7,0.28
1990,Persons,25–34,43,1.55
1990,Persons,35–44,94,3.64
1990,Persons,45–54,120,6.64
1990,Persons,55–64,160,10.91
1990,Persons,65–74,200,17.35
1990,Persons,75–84,153,25.69
1990,Persons,85–94,50,34.01
1991,Females,15–24,2,0.13
1991,Females,25–34,15,1.07
1991,Females,35–44,26,2
1991,Females,45–54,40,4.4
1991,Females,55–64,69,9.47
1991,Females,65–74,58,9.17
1991,Females,75–84,52,14
1991,Females,85–94,29,26.4
1991,Males,15–24,4,0.23
1991,Males,25–34,20,1.37
1991,Males,35–44,52,3.95
1991,Males,45–54,76,7.87
1991,Males,55–64,104,14.15
1991,Males,65–74,134,24.45
1991,Males,75–84,96,39.48
1991,Males,85–94,26,58.83
1991,Persons,15–24,6,0.18
1991,Persons,25–34,35,1.25
1991,Persons,35–44,78,2.99
1991,Persons,45–54,116,6.2
1991,Persons,55–64,173,11.82
1991,Persons,65–74,192,16.25
1991,Persons,75–84,148,24.08
1991,Persons,85–94,55,35.69
1992,Females,15–24,5,0.35
1992,Females,25–34,19,1.31
1992,Females,35–44,42,3.15
1992,Females,45–54,48,5.03
1992,Females,55–64,43,5.84
1992,Females,65–74,82,12.7
1992,Females,75–84,72,18.94
1992,Females,85–94,33,28.57
1992,Males,15–24,5,0.7
1992,Males,25–34,27,1.93
1992,Males,35–44,45,3.4
1992,Males,45–54,62,6.16
1992,Males,55–64,98,13.3
1992,Males,65–74,143,25.34
1992,Males,75–84,113,45.18
1992,Males,85–94,28,59.19
1992,Persons,15–24,10,0.43
1992,Persons,25–34,46,1.6
1992,Persons,35–44,87,3.27
1992,Persons,45–54,110,5.54
1992,Persons,55–64,141,9.64
1992,Persons,65–74,225,18.61
1992,Persons,75–84,185,29.34
1992,Persons,85–94,61,37.51
1993,Females,15–24,1,0.2
1993,Females,25–34,8,0.55
1993,Females,35–44,23,1.74
1993,Females,45–54,34,3.4
1993,Females,55–64,39,5.33
1993,Females,65–74,61,9.31
1993,Females,75–84,75,19.35
1993,Females,85–94,31,25.47
1993,Males,15–24,8,0.56
1993,Males,25–34,29,2.08
1993,Males,35–44,59,4.4
1993,Males,45–54,76,7.22
1993,Males,55–64,122,16.5
1993,Males,65–74,149,25.74
1993,Males,75–84,110,42.99
1993,Males,85–94,28,55.72
1993,Persons,15–24,9,0.3
1993,Persons,25–34,37,1.3
1993,Persons,35–44,82,3.05
1993,Persons,45–54,110,5.33
1993,Persons,55–64,161,10.93
1993,Persons,65–74,210,16.99
1993,Persons,75–84,185,28.76
1993,Persons,85–94,59,34.36
1994,Females,15–24,0,
1994,Females,25–34,15,1.1
1994,Females,35–44,28,2.1
1994,Females,45–54,41,3.93
1994,Females,55–64,40,5.41
1994,Females,65–74,70,10.48
1994,Females,75–84,65,16.5
1994,Females,85–94,29,22.81
1994,Males,15–24,5,0.38
1994,Males,25–34,17,1.16
1994,Males,35–44,61,4.52
1994,Males,45–54,82,7.51
1994,Males,55–64,101,13.52
1994,Males,65–74,175,29.39
1994,Males,75–84,136,52.07
1994,Males,85–94,32,60.15
1994,Persons,15–24,5,0.21
1994,Persons,25–34,32,1.16
1994,Persons,35–44,89,3.33
1994,Persons,45–54,123,5.76
1994,Persons,55–64,141,9.49
1994,Persons,65–74,245,19.39
1994,Persons,75–84,201,30.66
1994,Persons,85–94,61,33.88
1995,Females,15–24,5,0.43
1995,Females,25–34,21,1.51
1995,Females,35–44,31,2.28
1995,Females,45–54,57,5.2
1995,Females,55–64,44,5.87
1995,Females,65–74,73,10.79
1995,Females,75–84,69,17.06
1995,Females,85–94,33,24.64
1995,Males,15–24,4,0.25
1995,Males,25–34,28,2
1995,Males,35–44,58,4.18
1995,Males,45–54,71,6.33
1995,Males,55–64,110,14.57
1995,Males,65–74,150,24.91
1995,Males,75–84,145,53.44
1995,Males,85–94,35,61.86
1995,Persons,15–24,9,0.35
1995,Persons,25–34,49,1.71
1995,Persons,35–44,89,3.21
1995,Persons,45–54,128,5.73
1995,Persons,55–64,154,10.23
1995,Persons,65–74,223,17.47
1995,Persons,75–84,214,31.71
1995,Persons,85–94,68,35.72
1996,Females,15–24,3,0.4
1996,Females,25–34,7,0.49
1996,Females,35–44,35,2.47
1996,Females,45–54,48,4.22
1996,Females,55–64,42,5.57
1996,Females,65–74,66,9.76
1996,Females,75–84,73,17.42
1996,Females,85–94,48,34.09
1996,Males,15–24,4,0.3
1996,Males,25–34,25,1.75
1996,Males,35–44,46,3.27
1996,Males,45–54,79,6.79
1996,Males,55–64,86,11.15
1996,Males,65–74,151,24.7
1996,Males,75–84,144,50.68
1996,Males,85–94,47,78.3
1996,Persons,15–24,7,0.31
1996,Persons,25–34,32,1.1
1996,Persons,35–44,81,2.89
1996,Persons,45–54,127,5.53
1996,Persons,55–64,128,8.38
1996,Persons,65–74,217,16.88
1996,Persons,75–84,217,30.88
1996,Persons,85–94,95,47.3
1997,Females,15–24,6,0.5
1997,Females,25–34,22,1.54
1997,Females,35–44,31,2.17
1997,Females,45–54,40,3.44
1997,Females,55–64,48,6.18
1997,Females,65–74,78,11.49
1997,Females,75–84,70,16.11
1997,Females,85–94,30,20.16
1997,Males,15–24,3,0.26
1997,Males,25–34,14,1.01
1997,Males,35–44,45,3.16
1997,Males,45–54,82,6.85
1997,Males,55–64,106,13.36
1997,Males,65–74,163,26.45
1997,Males,75–84,141,47.44
1997,Males,85–94,23,36.13
1997,Persons,15–24,9,0.35
1997,Persons,25–34,36,1.24
1997,Persons,35–44,76,2.68
1997,Persons,45–54,122,5.11
1997,Persons,55–64,154,9.79
1997,Persons,65–74,241,18.6
1997,Persons,75–84,211,28.82
1997,Persons,85–94,53,24.97
1998,Females,15–24,1,0.2
1998,Females,25–34,16,1.14
1998,Females,35–44,29,1.99
1998,Females,45–54,39,3.18
1998,Females,55–64,49,6.15
1998,Females,65–74,70,10.3
1998,Females,75–84,82,18.31
1998,Females,85–94,57,36.58
1998,Males,15–24,1,0.1
1998,Males,25–34,24,1.69
1998,Males,35–44,43,2.99
1998,Males,45–54,89,7.2
1998,Males,55–64,111,13.58
1998,Males,65–74,183,29.53
1998,Males,75–84,132,42.62
1998,Males,85–94,40,58.94
1998,Persons,15–24,2,0.1
1998,Persons,25–34,40,1.4
1998,Persons,35–44,72,2.5
1998,Persons,45–54,128,5.21
1998,Persons,55–64,160,9.86
1998,Persons,65–74,253,19.51
1998,Persons,75–84,214,28.25
1998,Persons,85–94,97,43.37
1999,Females,15–24,4,0.36
1999,Females,25–34,15,1.05
1999,Females,35–44,31,2.14
1999,Females,45–54,49,3.93
1999,Females,55–64,54,6.51
1999,Females,65–74,87,12.86
1999,Females,75–84,68,14.75
1999,Females,85–94,56,33.92
1999,Males,15–24,3,0.5
1999,Males,25–34,17,1.2
1999,Males,35–44,44,3.04
1999,Males,45–54,82,6.46
1999,Males,55–64,120,14.12
1999,Males,65–74,166,26.59
1999,Males,75–84,154,47.65
1999,Males,85–94,55,76
1999,Persons,15–24,7,0.32
1999,Persons,25–34,32,1.09
1999,Persons,35–44,75,2.54
1999,Persons,45–54,131,5.16
1999,Persons,55–64,174,10.35
1999,Persons,65–74,253,19.47
1999,Persons,75–84,222,28.31
1999,Persons,85–94,111,46.77
2000,Females,15–24,4,0.6
2000,Females,25–34,13,0.96
2000,Females,35–44,39,2.65
2000,Females,45–54,45,3.5
2000,Females,55–64,55,6.36
2000,Females,65–74,69,10.25
2000,Females,75–84,86,18.1
2000,Females,85–94,43,24.74
2000,Males,15–24,4,0.3
2000,Males,25–34,11,0.74
2000,Males,35–44,40,2.79
2000,Males,45–54,71,5.47
2000,Males,55–64,109,12.29
2000,Males,65–74,171,27.27
2000,Males,75–84,168,49.92
2000,Males,85–94,43,55.85
2000,Persons,15–24,8,0.36
2000,Persons,25–34,24,0.85
2000,Persons,35–44,79,2.7
2000,Persons,45–54,116,4.48
2000,Persons,55–64,164,9.36
2000,Persons,65–74,240,18.46
2000,Persons,75–84,254,31.34
2000,Persons,85–94,86,34.25
2001,Females,15–24,4,0.36
2001,Females,25–34,18,1.25
2001,Females,35–44,24,1.6
2001,Females,45–54,47,3.53
2001,Females,55–64,64,7.14
2001,Females,65–74,73,10.77
2001,Females,75–84,104,21.16
2001,Females,85–94,56,30.75
2001,Males,15–24,9,0.69
2001,Males,25–34,14,1
2001,Males,35–44,54,3.65
2001,Males,45–54,77,5.84
2001,Males,55–64,126,13.68
2001,Males,65–74,185,29.12
2001,Males,75–84,167,47.26
2001,Males,85–94,52,63.89
2001,Persons,15–24,13,0.47
2001,Persons,25–34,32,1.15
2001,Persons,35–44,78,2.66
2001,Persons,45–54,124,4.73
2001,Persons,55–64,190,10.47
2001,Persons,65–74,258,19.64
2001,Persons,75–84,271,32.12
2001,Persons,85–94,108,41.03
2002,Females,15–24,2,0.3
2002,Females,25–34,10,0.72
2002,Females,35–44,28,1.85
2002,Females,45–54,39,2.92
2002,Females,55–64,39,4.13
2002,Females,65–74,63,9.26
2002,Females,75–84,95,18.98
2002,Females,85–94,53,28.17
2002,Males,15–24,5,0.7
2002,Males,25–34,17,1.21
2002,Males,35–44,49,3.32
2002,Males,45–54,81,6.13
2002,Males,55–64,123,12.7
2002,Males,65–74,191,29.72
2002,Males,75–84,180,49.04
2002,Males,85–94,77,90.98
2002,Persons,15–24,7,0.5
2002,Persons,25–34,27,0.97
2002,Persons,35–44,77,2.6
2002,Persons,45–54,120,4.53
2002,Persons,55–64,162,8.43
2002,Persons,65–74,254,19.19
2002,Persons,75–84,275,31.69
2002,Persons,85–94,130,47.68
2003,Females,15–24,1,0.2
2003,Females,25–34,9,0.65
2003,Females,35–44,25,1.65
2003,Females,45–54,53,3.91
2003,Females,55–64,59,5.93
2003,Females,65–74,80,11.61
2003,Females,75–84,104,20.23
2003,Females,85–94,51,26.57
2003,Males,15–24,4,0.3
2003,Males,25–34,10,0.7
2003,Males,35–44,46,3.13
2003,Males,45–54,97,7.27
2003,Males,55–64,143,14.13
2003,Males,65–74,179,27.54
2003,Males,75–84,213,55.82
2003,Males,85–94,72,82.62
2003,Persons,15–24,5,0.14
2003,Persons,25–34,19,0.7
2003,Persons,35–44,71,2.41
2003,Persons,45–54,150,5.54
2003,Persons,55–64,202,10.07
2003,Persons,65–74,259,19.36
2003,Persons,75–84,317,35.42
2003,Persons,85–94,123,44.03
2004,Females,15–24,3,0.4
2004,Females,25–34,13,0.86
2004,Females,35–44,26,1.76
2004,Females,45–54,45,3.27
2004,Females,55–64,62,5.97
2004,Females,65–74,70,10.06
2004,Females,75–84,102,19.45
2004,Females,85–94,62,31.58
2004,Males,15–24,6,0.9
2004,Males,25–34,18,1.22
2004,Males,35–44,43,2.91
2004,Males,45–54,121,8.95
2004,Males,55–64,146,13.9
2004,Males,65–74,170,25.77
2004,Males,75–84,233,58.98
2004,Males,85–94,78,86.85
2004,Persons,15–24,9,0.7
2004,Persons,25–34,31,1.08
2004,Persons,35–44,69,2.32
2004,Persons,45–54,166,6.1
2004,Persons,55–64,208,9.96
2004,Persons,65–74,240,17.73
2004,Persons,75–84,335,36.46
2004,Persons,85–94,140,48.92
2005,Females,15–24,2,0.3
2005,Females,25–34,6,0.4
2005,Females,35–44,28,1.85
2005,Females,45–54,55,3.94
2005,Females,55–64,65,6.03
2005,Females,65–74,75,10.64
2005,Females,75–84,110,20.73
2005,Females,85–94,72,35.02
2005,Males,15–24,0,
2005,Males,25–34,28,1.98
2005,Males,35–44,47,3.11
2005,Males,45–54,84,6.07
2005,Males,55–64,170,15.67
2005,Males,65–74,196,29.27
2005,Males,75–84,242,59.65
2005,Males,85–94,93,96.36
2005,Persons,15–24,2,0.1
2005,Persons,25–34,34,1.21
2005,Persons,35–44,75,2.46
2005,Persons,45–54,139,4.97
2005,Persons,55–64,235,10.88
2005,Persons,65–74,271,19.73
2005,Persons,75–84,352,37.64
2005,Persons,85–94,165,54.63
2006,Females,15–24,1,0.1
2006,Females,25–34,16,1.1
2006,Females,35–44,17,1.1
2006,Females,45–54,67,4.71
2006,Females,55–64,76,6.83
2006,Females,65–74,90,12.62
2006,Females,75–84,113,21.18
2006,Females,85–94,75,34.85
2006,Males,15–24,4,0.3
2006,Males,25–34,14,1
2006,Males,35–44,43,2.9
2006,Males,45–54,71,5.09
2006,Males,55–64,131,11.69
2006,Males,65–74,194,28.4
2006,Males,75–84,245,59.11
2006,Males,85–94,92,89.05
2006,Persons,15–24,5,0.14
2006,Persons,25–34,30,1.05
2006,Persons,35–44,60,2
2006,Persons,45–54,138,4.87
2006,Persons,55–64,207,9.24
2006,Persons,65–74,284,20.32
2006,Persons,75–84,358,37.76
2006,Persons,85–94,167,52.35
2007,Females,15–24,4,0.23
2007,Females,25–34,19,1.34
2007,Females,35–44,26,1.7
2007,Females,45–54,52,3.59
2007,Females,55–64,62,5.35
2007,Females,65–74,75,10.23
2007,Females,75–84,104,19.41
2007,Females,85–94,83,36.72
2007,Males,15–24,3,0.4
2007,Males,25–34,12,0.85
2007,Males,35–44,45,2.95
2007,Males,45–54,97,6.78
2007,Males,55–64,180,15.61
2007,Males,65–74,181,25.64
2007,Males,75–84,260,61.67
2007,Males,85–94,112,100.98
2007,Persons,15–24,7,0.28
2007,Persons,25–34,31,1.1
2007,Persons,35–44,71,2.29
2007,Persons,45–54,149,5.18
2007,Persons,55–64,242,10.48
2007,Persons,65–74,256,17.78
2007,Persons,75–84,364,37.99
2007,Persons,85–94,195,57.87
2008,Females,15–24,3,0.4
2008,Females,25–34,12,0.8
2008,Females,35–44,37,2.34
2008,Females,45–54,51,3.45
2008,Females,55–64,67,5.59
2008,Females,65–74,82,10.87
2008,Females,75–84,103,19.05
2008,Females,85–94,100,42.52
2008,Males,15–24,5,0.28
2008,Males,25–34,18,1.25
2008,Males,35–44,42,2.74
2008,Males,45–54,74,5.1
2008,Males,55–64,179,15.01
2008,Males,65–74,225,30.84
2008,Males,75–84,288,67.34
2008,Males,85–94,111,94.62
2008,Persons,15–24,8,0.33
2008,Persons,25–34,30,1
2008,Persons,35–44,79,2.59
2008,Persons,45–54,125,4.27
2008,Persons,55–64,246,10.33
2008,Persons,65–74,307,20.65
2008,Persons,75–84,391,40.42
2008,Persons,85–94,211,59.82
2009,Females,15–24,3,0.4
2009,Females,25–34,11,0.75
2009,Females,35–44,35,2.25
2009,Females,45–54,55,3.62
2009,Females,55–64,77,6.27
2009,Females,65–74,96,12.24
2009,Females,75–84,95,17.5
2009,Females,85–94,93,38.06
2009,Males,15–24,1,0.1
2009,Males,25–34,18,1.2
2009,Males,35–44,40,2.58
2009,Males,45–54,90,6.07
2009,Males,55–64,165,13.56
2009,Males,65–74,244,32.07
2009,Males,75–84,274,63.19
2009,Males,85–94,115,92.78
2009,Persons,15–24,4,0.3
2009,Persons,25–34,29,0.99
2009,Persons,35–44,75,2.38
2009,Persons,45–54,145,4.9
2009,Persons,55–64,242,9.86
2009,Persons,65–74,340,22.01
2009,Persons,75–84,369,37.79
2009,Persons,85–94,208,56.47
2010,Females,15–24,2,0.3
2010,Females,25–34,8,0.51
2010,Females,35–44,32,1.98
2010,Females,45–54,44,2.91
2010,Females,55–64,89,7.11
2010,Females,65–74,93,11.39
2010,Females,75–84,106,19.4
2010,Females,85–94,74,29.06
2010,Males,15–24,1,0.1
2010,Males,25–34,16,0.98
2010,Males,35–44,36,2.3
2010,Males,45–54,84,5.62
2010,Males,55–64,189,15.21
2010,Males,65–74,243,30.56
2010,Males,75–84,269,61.14
2010,Males,85–94,145,110.15
2010,Persons,15–24,3,0.1
2010,Persons,25–34,24,0.8
2010,Persons,35–44,68,2.14
2010,Persons,45–54,128,4.27
2010,Persons,55–64,278,11.11
2010,Persons,65–74,336,20.83
2010,Persons,75–84,375,38.01
2010,Persons,85–94,219,56.63
2011,Females,15–24,2,0.3
2011,Females,25–34,12,0.75
2011,Females,35–44,35,2.2
2011,Females,45–54,47,3.04
2011,Females,55–64,79,6.14
2011,Females,65–74,73,8.62
2011,Females,75–84,116,20.96
2011,Females,85–94,106,40.05
2011,Males,15–24,1,0.1
2011,Males,25–34,20,1.25
2011,Males,35–44,43,2.7
2011,Males,45–54,88,5.82
2011,Males,55–64,195,15.32
2011,Males,65–74,253,30.43
2011,Males,75–84,306,68.19
2011,Males,85–94,169,121.52
2011,Persons,15–24,3,0.2
2011,Persons,25–34,32,0.98
2011,Persons,35–44,78,2.45
2011,Persons,45–54,135,4.43
2011,Persons,55–64,274,10.71
2011,Persons,65–74,326,19.39
2011,Persons,75–84,422,42.09
2011,Persons,85–94,275,68.11
2012,Females,15–24,3,0.4
2012,Females,25–34,14,0.85
2012,Females,35–44,27,1.68
2012,Females,45–54,40,2.6
2012,Females,55–64,82,6.27
2012,Females,65–74,99,11.04
2012,Females,75–84,114,20.46
2012,Females,85–94,118,43.18
2012,Males,15–24,2,0.1
2012,Males,25–34,17,1.06
2012,Males,35–44,31,2
2012,Males,45–54,83,5.5
2012,Males,55–64,168,13.14
2012,Males,65–74,266,30.27
2012,Males,75–84,298,64.87
2012,Males,85–94,178,121.07
2012,Persons,15–24,5,0.17
2012,Persons,25–34,31,0.95
2012,Persons,35–44,58,1.81
2012,Persons,45–54,123,4.05
2012,Persons,55–64,250,9.67
2012,Persons,65–74,365,20.52
2012,Persons,75–84,412,40.54
2012,Persons,85–94,296,70.42
2013,Females,15–24,0,
2013,Females,25–34,13,0.71
2013,Females,35–44,29,1.82
2013,Females,45–54,67,4.31
2013,Females,55–64,81,6.06
2013,Females,65–74,90,9.57
2013,Females,75–84,122,21.67
2013,Females,85–94,101,35.76
2013,Males,15–24,0,
2013,Males,25–34,13,0.75
2013,Males,35–44,40,2.48
2013,Males,45–54,100,6.55
2013,Males,55–64,188,14.49
2013,Males,65–74,283,30.84
2013,Males,75–84,326,69.33
2013,Males,85–94,172,110.61
2013,Persons,15–24,0,
2013,Persons,25–34,26,0.74
2013,Persons,35–44,69,2.19
2013,Persons,45–54,167,5.4
2013,Persons,55–64,269,10.22
2013,Persons,65–74,373,20.04
2013,Persons,75–84,448,43.3
2013,Persons,85–94,273,62.41
2014,Females,15–24,1,0.1
2014,Females,25–34,9,0.55
2014,Females,35–44,20,1.22
2014,Females,45–54,51,3.25
2014,Females,55–64,80,5.88
2014,Females,65–74,107,10.94
2014,Females,75–84,108,18.88
2014,Females,85–94,109,37.52
2014,Males,15–24,2,0.2
2014,Males,25–34,11,0.65
2014,Males,35–44,33,2.07
2014,Males,45–54,75,4.86
2014,Males,55–64,175,13.24
2014,Males,65–74,221,23.13
2014,Males,75–84,312,64.6
2014,Males,85–94,154,93.96
2014,Persons,15–24,3,0.2
2014,Persons,25–34,20,0.6
2014,Persons,35–44,53,1.66
2014,Persons,45–54,126,4.06
2014,Persons,55–64,255,9.55
2014,Persons,65–74,328,16.99
2014,Persons,75–84,420,39.81
2014,Persons,85–94,263,57.9
2015,Females,15–24,2,0.1
2015,Females,25–34,13,0.75
2015,Females,35–44,26,1.58
2015,Females,45–54,54,3.4
2015,Females,55–64,76,5.47
2015,Females,65–74,100,9.83
2015,Females,75–84,109,18.69
2015,Females,85–94,122,41.07
2015,Males,15–24,1,0.1
2015,Males,25–34,10,0.6
2015,Males,35–44,42,2.61
2015,Males,45–54,80,5.19
2015,Males,55–64,156,11.63
2015,Males,65–74,229,23.13
2015,Males,75–84,273,55.02
2015,Males,85–94,205,119.27
2015,Persons,15–24,3,0.1
2015,Persons,25–34,23,0.65
2015,Persons,35–44,68,2.12
2015,Persons,45–54,134,4.3
2015,Persons,55–64,232,8.52
2015,Persons,65–74,329,16.43
2015,Persons,75–84,382,35.44
2015,Persons,85–94,327,69.71
2016,Females,15–24,0,
2016,Females,25–34,6,0.3
2016,Females,35–44,14,0.86
2016,Females,45–54,34,2.07
2016,Females,55–64,58,4.09
2016,Females,65–74,87,8.22
2016,Females,75–84,115,19.31
2016,Females,85–94,111,36.57
2016,Males,15–24,2,0.1
2016,Males,25–34,10,0.53
2016,Males,35–44,35,2.2
2016,Males,45–54,58,3.79
2016,Males,55–64,115,8.48
2016,Males,65–74,232,22.62
2016,Males,75–84,233,45.62
2016,Males,85–94,172,95.94
2016,Persons,15–24,2,0.1
2016,Persons,25–34,16,0.43
2016,Persons,35–44,49,1.51
2016,Persons,45–54,92,2.94
2016,Persons,55–64,173,6.24
2016,Persons,65–74,319,15.27
2016,Persons,75–84,348,31.46
2016,Persons,85–94,283,58.63
2017,Females,15–24,2,0.2
2017,Females,25–34,8,0.4
2017,Females,35–44,20,1.2
2017,Females,45–54,49,3
2017,Females,55–64,73,5.03
2017,Females,65–74,107,9.77
2017,Females,75–84,123,20.07
2017,Females,85–94,136,44.37
2017,Males,15–24,3,0.15
2017,Males,25–34,6,0.3
2017,Males,35–44,16,0.94
2017,Males,45–54,54,3.44
2017,Males,55–64,145,10.44
2017,Males,65–74,222,21.02
2017,Males,75–84,253,47.65
2017,Males,85–94,204,110.79
2017,Persons,15–24,5,0.17
2017,Persons,25–34,14,0.35
2017,Persons,35–44,36,1.1
2017,Persons,45–54,103,3.23
2017,Persons,55–64,218,7.68
2017,Persons,65–74,329,15.25
2017,Persons,75–84,376,32.86
2017,Persons,85–94,340,69.31
2018,Females,15–24,1,0.1
2018,Females,25–34,6,0.3
2018,Females,35–44,23,1.35
2018,Females,45–54,34,2.07
2018,Females,55–64,49,3.26
2018,Females,65–74,110,9.68
2018,Females,75–84,120,19.04
2018,Females,85–94,114,36.82
2018,Males,15–24,0,
2018,Males,25–34,10,0.54
2018,Males,35–44,24,1.45
2018,Males,45–54,62,3.93
2018,Males,55–64,135,9.58
2018,Males,65–74,238,21.87
2018,Males,75–84,284,51.59
2018,Males,85–94,200,106.02
2018,Persons,15–24,1,0.1
2018,Persons,25–34,16,0.4
2018,Persons,35–44,47,1.4
2018,Persons,45–54,96,2.97
2018,Persons,55–64,184,6.39
2018,Persons,65–74,348,15.68
2018,Persons,75–84,404,34.18
2018,Persons,85–94,314,63.04
2019,Females,15–24,1,0.1
2019,Females,25–34,6,0.3
2019,Females,35–44,16,0.99
2019,Females,45–54,28,1.75
2019,Females,55–64,62,4.09
2019,Females,65–74,90,7.66
2019,Females,75–84,131,19.96
2019,Females,85–94,130,41.46
2019,Males,15–24,0,
2019,Males,25–34,8,0.4
2019,Males,35–44,18,1.09
2019,Males,45–54,68,4.33
2019,Males,55–64,125,8.7
2019,Males,65–74,239,21.47
2019,Males,75–84,285,49.41
2019,Males,85–94,202,104.24
2019,Persons,15–24,1,0.1
2019,Persons,25–34,14,0.35
2019,Persons,35–44,34,1.04
2019,Persons,45–54,96,2.99
2019,Persons,55–64,187,6.38
2019,Persons,65–74,329,14.35
2019,Persons,75–84,416,33.77
2019,Persons,85–94,332,65.5
2020,Females,15–24,1,0.1
2020,Females,25–34,3,0.3
2020,Females,35–44,13,0.71
2020,Females,45–54,35,2.13
2020,Females,55–64,65,4.24
2020,Females,65–74,88,7.16
2020,Females,75–84,122,17.76
2020,Females,85–94,136,42.68
2020,Males,15–24,1,0.1
2020,Males,25–34,5,0.5
2020,Males,35–44,24,1.39
2020,Males,45–54,50,3.1
2020,Males,55–64,108,7.42
2020,Males,65–74,225,19.58
2020,Males,75–84,290,47.68
2020,Males,85–94,250,124.88
2020,Persons,15–24,2,0.1
2020,Persons,25–34,8,0.4
2020,Persons,35–44,37,1.07
2020,Persons,45–54,85,2.59
2020,Persons,55–64,173,5.73
2020,Persons,65–74,313,13.2
2020,Persons,75–84,412,31.83
2020,Persons,85–94,386,74.45
2021,Females,15–24,0,
2021,Females,25–34,5,0.25
2021,Females,35–44,13,0.72
2021,Females,45–54,36,2.21
2021,Females,55–64,52,3.4
2021,Females,65–74,105,8.35
2021,Females,75–84,142,19.89
2021,Females,85–94,144,44.27
2021,Males,15–24,1,0.1
2021,Males,25–34,5,0.25
2021,Males,35–44,20,1.18
2021,Males,45–54,51,3.19
2021,Males,55–64,110,7.46
2021,Males,65–74,232,19.75
2021,Males,75–84,315,49.39
2021,Males,85–94,224,107.29
2021,Persons,15–24,1,0.1
2021,Persons,25–34,10,0.3
2021,Persons,35–44,33,0.91
2021,Persons,45–54,87,2.65
2021,Persons,55–64,162,5.38
2021,Persons,65–74,337,13.86
2021,Persons,75–84,457,33.77
2021,Persons,85–94,368,68.91
2022,Females,15–24,0,
2022,Females,25–34,1,0.1
2022,Females,35–44,12,0.64
2022,Females,45–54,28,1.69
2022,Females,55–64,47,3.04
2022,Females,65–74,93,7.31
2022,Females,75–84,142,18.7
2022,Females,85–94,141,42.49
2022,Males,15–24,1,0.1
2022,Males,25–34,4,0.4
2022,Males,35–44,16,0.87
2022,Males,45–54,43,2.65
2022,Males,55–64,93,6.27
2022,Males,65–74,199,16.88
2022,Males,75–84,286,42.06
2022,Males,85–94,237,109.02
2022,Persons,15–24,1,0.1
2022,Persons,25–34,5,0.3
2022,Persons,35–44,28,0.79
2022,Persons,45–54,71,2.2
2022,Persons,55–64,140,4.65
2022,Persons,65–74,292,11.96
2022,Persons,75–84,428,29.74
2022,Persons,85–94,378,68.83
2023,Females,15–24,0,
2023,Females,25–34,0,
2023,Females,35–44,11,0.59
2023,Females,45–54,25,1.54
2023,Females,55–64,42,2.69
2023,Females,65–74,90,6.94
2023,Females,75–84,148,18.46
2023,Females,85–94,145,42.82
2023,Males,15–24,1,0.1
2023,Males,25–34,3,0.3
2023,Males,35–44,14,0.74
2023,Males,45–54,38,2.35
2023,Males,55–64,81,5.44
2023,Males,65–74,187,15.65
2023,Males,75–84,285,39.83
2023,Males,85–94,244,108.81
2023,Persons,15–24,1,0.1
2023,Persons,25–34,3,0.2
2023,Persons,35–44,25,0.65
2023,Persons,45–54,63,1.9
2023,Persons,55–64,123,3.99
2023,Persons,65–74,277,11.11
2023,Persons,75–84,433,28.51
2023,Persons,85–94,389,69.09
